<?xml version="1.0" ?>
<LOG_ROOT>
	<PROJECT NAME="LAB8">
		<CBX_INST_ENTRY INSTANCE_NAME="|LAB8|leftPos:inst79|lpm_add_sub:lpm_add_sub_component" CBX_FILE_NAME="add_sub_toh.tdf"/>
		<CBX_INST_ENTRY INSTANCE_NAME="|LAB8|map2:inst32|altsyncram:altsyncram_component" CBX_FILE_NAME="altsyncram_2r61.tdf"/>
		<CBX_INST_ENTRY INSTANCE_NAME="|LAB8|playerIDcmp:inst45|lpm_compare:lpm_compare_component" CBX_FILE_NAME="cmpr_g7j.tdf"/>
		<CBX_INST_ENTRY INSTANCE_NAME="|LAB8|wallIDcmp:inst60|lpm_compare:lpm_compare_component" CBX_FILE_NAME="cmpr_g7j.tdf"/>
		<CBX_INST_ENTRY INSTANCE_NAME="|LAB8|MUX:inst111|lpm_mux:$00001" CBX_FILE_NAME="mux_7qc.tdf"/>
		<CBX_INST_ENTRY INSTANCE_NAME="|LAB8|rightPos:inst77|lpm_add_sub:lpm_add_sub_component" CBX_FILE_NAME="add_sub_snh.tdf"/>
		<CBX_INST_ENTRY INSTANCE_NAME="|LAB8|store_positions:inst68|lpm_counter:lpm_counter_component" CBX_FILE_NAME="cntr_pqj.tdf"/>
		<CBX_INST_ENTRY INSTANCE_NAME="|LAB8|videoY_corrector:inst48|lpm_add_sub:lpm_add_sub_component" CBX_FILE_NAME="add_sub_snh.tdf"/>
		<CBX_INST_ENTRY INSTANCE_NAME="|LAB8|Consant1:inst8|lpm_constant:lpm_constant_component" CBX_FILE_NAME="lpm_constant_sl6.tdf"/>
		<CBX_INST_ENTRY INSTANCE_NAME="|LAB8|crateIDcmp:inst63|lpm_compare:lpm_compare_component" CBX_FILE_NAME="cmpr_g7j.tdf"/>
		<CBX_INST_ENTRY INSTANCE_NAME="|LAB8|map3:inst33|altsyncram:altsyncram_component" CBX_FILE_NAME="altsyncram_3r61.tdf"/>
		<CBX_INST_ENTRY INSTANCE_NAME="|LAB8|store_positions:inst69|lpm_counter:lpm_counter_component" CBX_FILE_NAME="cntr_pqj.tdf"/>
		<CBX_INST_ENTRY INSTANCE_NAME="|LAB8|Four_Bit_Compare:inst6|lpm_compare:lpm_compare_component" CBX_FILE_NAME="cmpr_9hg.tdf"/>
		<CBX_INST_ENTRY INSTANCE_NAME="|LAB8|boardY_lowerbound:inst50|lpm_compare:lpm_compare_component" CBX_FILE_NAME="cmpr_paj.tdf"/>
		<CBX_INST_ENTRY INSTANCE_NAME="|LAB8|map5:inst41|altsyncram:altsyncram_component" CBX_FILE_NAME="altsyncram_5r61.tdf"/>
		<CBX_INST_ENTRY INSTANCE_NAME="|LAB8|current_load_ROM:inst91|altsyncram:altsyncram_component" CBX_FILE_NAME="altsyncram_tq71.tdf"/>
		<CBX_INST_ENTRY INSTANCE_NAME="|LAB8|map0:inst30|altsyncram:altsyncram_component" CBX_FILE_NAME="altsyncram_0r61.tdf"/>
		<CBX_INST_ENTRY INSTANCE_NAME="|LAB8|map4:inst34|altsyncram:altsyncram_component" CBX_FILE_NAME="altsyncram_4r61.tdf"/>
		<CBX_INST_ENTRY INSTANCE_NAME="|LAB8|video_compare:inst28|lpm_compare:lpm_compare_component" CBX_FILE_NAME="cmpr_9hg.tdf"/>
		<CBX_INST_ENTRY INSTANCE_NAME="|LAB8|Clock_Divider:inst40|lpm_counter:lpm_counter_component" CBX_FILE_NAME="cntr_7mh.tdf"/>
		<CBX_INST_ENTRY INSTANCE_NAME="|LAB8|LEDLVL:inst102|lpm_decode:lpm_decode_component" CBX_FILE_NAME="decode_s6f.tdf"/>
		<CBX_INST_ENTRY INSTANCE_NAME="|LAB8|boardX_upperbound:inst49|lpm_compare:lpm_compare_component" CBX_FILE_NAME="cmpr_p7j.tdf"/>
		<CBX_INST_ENTRY INSTANCE_NAME="|LAB8|current_load_ROM:inst83|altsyncram:altsyncram_component" CBX_FILE_NAME="altsyncram_tq71.tdf"/>
		<CBX_INST_ENTRY INSTANCE_NAME="|LAB8|goalIDcmp:inst71|lpm_compare:lpm_compare_component" CBX_FILE_NAME="cmpr_g7j.tdf"/>
		<CBX_INST_ENTRY INSTANCE_NAME="|LAB8|keyDecoder:inst52|lpm_decode:lpm_decode_component" CBX_FILE_NAME="decode_3af.tdf"/>
		<CBX_INST_ENTRY INSTANCE_NAME="|LAB8|smallmux:inst7|lpm_mux:lpm_mux_component" CBX_FILE_NAME="mux_03e.tdf"/>
		<CBX_INST_ENTRY INSTANCE_NAME="|LAB8|soundMux:inst16|lpm_mux:lpm_mux_component" CBX_FILE_NAME="mux_omc.tdf"/>
		<CBX_INST_ENTRY INSTANCE_NAME="|LAB8|yReg:inst43|lpm_counter:lpm_counter_component" CBX_FILE_NAME="cntr_70i.tdf"/>
		<CBX_INST_ENTRY INSTANCE_NAME="|LAB8|checker_of_1s:inst85|lpm_compare:lpm_compare_component" CBX_FILE_NAME="cmpr_tpi.tdf"/>
		<CBX_INST_ENTRY INSTANCE_NAME="|LAB8|level_counter:inst35|lpm_counter:lpm_counter_component" CBX_FILE_NAME="cntr_e9i.tdf"/>
		<CBX_INST_ENTRY INSTANCE_NAME="|LAB8|loadmux:inst36|lpm_mux:lpm_mux_component" CBX_FILE_NAME="mux_93e.tdf"/>
		<CBX_INST_ENTRY INSTANCE_NAME="|LAB8|map1:inst31|altsyncram:altsyncram_component" CBX_FILE_NAME="altsyncram_1r61.tdf"/>
		<CBX_INST_ENTRY INSTANCE_NAME="|LAB8|move_encoder_ROM:inst80|altsyncram:altsyncram_component" CBX_FILE_NAME="altsyncram_q281.tdf"/>
		<CBX_INST_ENTRY INSTANCE_NAME="|LAB8|upPos:inst75|lpm_add_sub:lpm_add_sub_component" CBX_FILE_NAME="add_sub_75i.tdf"/>
		<CBX_INST_ENTRY INSTANCE_NAME="|LAB8|win_check:inst86|lpm_compare:lpm_compare_component" CBX_FILE_NAME="cmpr_ikg.tdf"/>
		<CBX_INST_ENTRY INSTANCE_NAME="|LAB8|boardX_lowerbound:inst46|lpm_compare:lpm_compare_component" CBX_FILE_NAME="cmpr_naj.tdf"/>
		<CBX_INST_ENTRY INSTANCE_NAME="|LAB8|boardY_upperbound:inst51|lpm_compare:lpm_compare_component" CBX_FILE_NAME="cmpr_p7j.tdf"/>
		<CBX_INST_ENTRY INSTANCE_NAME="|LAB8|current_load_ROM:inst58|altsyncram:altsyncram_component" CBX_FILE_NAME="altsyncram_tq71.tdf"/>
		<CBX_INST_ENTRY INSTANCE_NAME="|LAB8|videoX_corrector:inst47|lpm_add_sub:lpm_add_sub_component" CBX_FILE_NAME="add_sub_snh.tdf"/>
		<CBX_INST_ENTRY INSTANCE_NAME="|LAB8|video_compare:inst5|lpm_compare:lpm_compare_component" CBX_FILE_NAME="cmpr_9hg.tdf"/>
		<CBX_INST_ENTRY INSTANCE_NAME="|LAB8|load_counter:inst37|lpm_counter:lpm_counter_component" CBX_FILE_NAME="cntr_3oi.tdf"/>
		<CBX_INST_ENTRY INSTANCE_NAME="|LAB8|nextPosMux:inst82|lpm_mux:lpm_mux_component" CBX_FILE_NAME="mux_c3e.tdf"/>
		<CBX_INST_ENTRY INSTANCE_NAME="|LAB8|current_load_ROM:inst87|altsyncram:altsyncram_component" CBX_FILE_NAME="altsyncram_tq71.tdf"/>
		<CBX_INST_ENTRY INSTANCE_NAME="|LAB8|checker_of_1s:inst89|lpm_compare:lpm_compare_component" CBX_FILE_NAME="cmpr_tpi.tdf"/>
		<CBX_INST_ENTRY INSTANCE_NAME="|LAB8|downPos:inst76|lpm_add_sub:lpm_add_sub_component" CBX_FILE_NAME="add_sub_64i.tdf"/>
		<CBX_INST_ENTRY INSTANCE_NAME="|LAB8|store_positions:inst70|lpm_counter:lpm_counter_component" CBX_FILE_NAME="cntr_pqj.tdf"/>
		<CBX_INST_ENTRY INSTANCE_NAME="|LAB8|xReg:inst42|lpm_counter:lpm_counter_component" CBX_FILE_NAME="cntr_70i.tdf"/>
	</PROJECT>
</LOG_ROOT>
